id	cluster_id	feature1	feature2
321	2	-0.1489947591414164	0.8001511142107443
327	0	1.9516323890257075	0.19760154098608934
380	2	0.7661162631784866	0.6832085145108022
400	2	-0.6352210253510052	0.79054977008308
