id	cluster_id	feature1	feature2
86	0	1.7341190910117597	-0.050645729336344356
109	2	0.27415232438831943	0.8936473599293555
354	0	0.7493666962210456	-0.5581843169047589
483	0	-0.04672066125294948	0.1393028985148301
