id	cluster_id	feature1	feature2
460	2	0.8111211212192109	0.20605355698147443
