id	cluster_id	feature1	feature2
371	2	0.5740325910109385	0.7021957848198438
