id	cluster_id	feature1	feature2
116	0	1.69734471982156	-0.20653516263816496
145	0	0.5491070247899391	-0.37792265443641476
488	2	-0.058758704985355945	0.9459087857236427
