id	cluster_id	feature1	feature2
142	2	-0.9616610761353794	0.1798584286219611
168	0	1.982710481764362	0.16678918593218572
254	0	1.8138554129355242	-0.17645791553138215
324	2	-0.8885839757661158	0.34002502977315885
481	0	-0.09546099830555979	0.2914664800333351
