id	cluster_id	feature1	feature2
428	0	0.7338417693980245	-0.3770511583256445
433	0	0.04351570388841369	0.1636114849283835
