id	cluster_id	feature1	feature2
188	2	0.8147348044498127	0.09386880068309525
399	0	0.42007464617315815	-0.10836765716252272
