id	cluster_id	feature1	feature2
308	0	0.087921485005821	-0.14612558846943435
