id	cluster_id	feature1	feature2
37	2	1.0380915534560857	0.03851871279137891
101	0	1.712914883531132	-0.3733164780101156
292	0	1.2556783856816054	-0.30439397521992256
431	2	0.5695076963511715	0.5483278838232342
