id	cluster_id	feature1	feature2
80	0	-0.04697163321697017	0.3896142420904439
