id	cluster_id	feature1	feature2
174	2	-0.7070084501262078	0.6895645528832423
