id	cluster_id	feature1	feature2
27	0	0.5684457774555297	-0.5116483537904706
63	0	0.7559521141252185	-0.484431875591104
158	2	0.3664935948090978	0.8841337124200211
389	0	-0.17093274563610722	0.3620730609744787
397	2	-0.18409280835236108	1.055517972457837
447	0	2.016255108879308	0.29763738199054846
