id	cluster_id	feature1	feature2
30	2	-0.5231946405760097	0.7238109945856679
42	0	1.8329559318324447	0.1310821179372283
73	2	0.9221818087376152	0.2614712983917312
151	2	0.5489820342020257	0.8073961933324977
401	2	0.7866298262836108	0.9174445700938962
