id	cluster_id	feature1	feature2
76	0	1.9092309348675962	0.5111844980255706
102	0	1.8755118632270964	0.26042219512689047
175	2	-0.513649254458834	0.7391984024055072
426	0	1.2763162526815464	-0.5489587443469759
