id	cluster_id	feature1	feature2
96	2	-0.8343558721587276	0.5757895928451934
250	0	0.6183794554692633	-0.48550291869318823
377	2	0.9482522812209525	0.190243338365657
