id	cluster_id	feature1	feature2
0	0	0.3165556761245117	-0.04942181785843226
277	0	0.08946739589070024	-0.22831869307482952
287	0	1.7814103104861185	-0.33109829058582907
348	0	0.777994414146364	-0.4522352978300379
415	2	-0.4510104506178963	0.9255352379783407
