id	cluster_id	feature1	feature2
233	0	0.14209497601447973	0.14210023501935312
