id	cluster_id	feature1	feature2
176	2	-0.48785643122175326	0.8139332928702474
360	2	-0.21834322088094743	0.919896985954278
495	0	0.04718822590789434	0.3481840473945451
