id	cluster_id	feature1	feature2
361	2	-0.1228537371727827	0.8915492686876492
