id	cluster_id	feature1	feature2
463	2	0.9127083719193748	0.10556324964197522
