id	cluster_id	feature1	feature2
262	2	-0.9494327881141087	0.13371412421611345
325	0	1.700902300142518	-0.011846678608188721
406	2	-0.9662199393702138	0.08656906089817662
