id	cluster_id	feature1	feature2
104	0	0.9795031122450802	-0.44614861017134894
219	2	0.8411255298850099	0.2856682089418643
368	2	0.47433805886466407	1.0457849603714175
