id	cluster_id	feature1	feature2
205	0	1.9003967205555587	0.23494015583170944
