id	cluster_id	feature1	feature2
476	0	1.2865623749085027	-0.4133657482965248
