id	cluster_id	feature1	feature2
150	2	1.001760225052212	0.09367504943654016
279	2	0.1617897948855396	0.8689308046388802
