id	cluster_id	feature1	feature2
90	0	1.9892454329449178	0.19329832768346372
159	0	0.14456261690466235	0.045684237517543705
256	0	1.6218171217896753	-0.07439843441568442
457	0	1.0748562160934334	-0.38903436160204863
