id	cluster_id	feature1	feature2
489	2	-0.07961638417804387	0.8778484238941685
