id	cluster_id	feature1	feature2
186	2	0.46498655910815767	0.5548432878190407
