id	cluster_id	feature1	feature2
34	0	0.6881851942621006	-0.3261313369235281
184	0	1.0459068952589154	-0.5549814153542795
