id	cluster_id	feature1	feature2
22	0	0.27109571987700226	-0.3883583715844646
198	2	-0.950489573343061	0.11460718221204706
330	2	0.7147867863361899	0.6469257658537639
414	0	1.6586853011093157	-0.24900100947436965
