id	cluster_id	feature1	feature2
160	2	-1.0867816171278746	0.11951537747125345
283	2	0.36557375491416033	0.9542963773214759
