id	cluster_id	feature1	feature2
6	0	0.22384428620202027	-0.1742533110626261
68	0	-0.029353666853423332	0.06265762349509925
342	0	1.6998414542093276	-0.20478123035466825
466	2	0.46716242474050096	1.0972522161575098
