id	cluster_id	feature1	feature2
9	2	0.4667063248996664	0.8981844525135385
316	2	-0.7646177986356383	0.5536435458763611
407	2	-0.4298404134789432	0.9792412930977419
