id	cluster_id	feature1	feature2
105	2	0.642683150528512	0.995320753958733
131	2	0.4215094849821548	0.9598053070101862
318	2	1.0358645343149098	0.29535680572017453
