id	cluster_id	feature1	feature2
192	0	2.154961180962612	0.45377569099144366
213	-1	-1.26047143592031	0.025937507815430944
337	2	0.15365493303120648	1.1304270382164203
440	2	0.710818877797677	0.38452108103900196
454	0	-0.1128560026873113	0.2284217382676529
473	0	1.447266888050564	-0.441926217451328
