id	cluster_id	feature1	feature2
69	2	-0.4616227424726019	0.994808897106541
475	0	0.11665669987513638	0.33757046040453653
