id	cluster_id	feature1	feature2
169	0	0.008603955198949274	0.20981388874412804
