id	cluster_id	feature1	feature2
171	2	0.3253631665497648	0.9195633778125416
480	-1	-0.0690126635797043	0.5113103059675752
