id	cluster_id	feature1	feature2
226	0	0.07689272752608467	0.11395113730294085
242	2	-0.7084631556860523	0.4692504153485987
430	2	-0.7302328998741333	0.592207036757942
453	2	-0.9305763617157901	0.4058254500065047
