id	cluster_id	feature1	feature2
289	2	-0.7698360421959141	0.39947694726757965
