id	cluster_id	feature1	feature2
103	2	0.7670448484308262	0.7287921041268933
236	2	-0.3598970167337327	0.9940153763946098
253	2	-0.4968069569845387	0.7779589452108816
