id	cluster_id	feature1	feature2
38	0	1.3273738438113192	-0.441269288821845
82	2	-0.8537053528155821	0.9093563023651026
350	0	1.4573869972486981	-0.3668002653211726
472	0	1.2284150534272316	-0.5596211966430514
