id	cluster_id	feature1	feature2
161	0	0.8086281622336848	-0.24925462359860864
193	0	0.3066871104876456	-0.27445400933778197
365	0	1.336587428625446	-0.505248703268008
443	0	2.0170980727909886	0.06519713680859718
