id	cluster_id	feature1	feature2
3	2	0.5555278779977375	0.6345057040960645
435	2	0.3309094098426958	0.9530838183372583
