id	cluster_id	feature1	feature2
331	0	1.9413352241859532	0.029925911257513843
