id	cluster_id	feature1	feature2
5	0	1.9913634237999915	0.4767867653262118
