id	cluster_id	feature1	feature2
201	0	1.898815479665117	0.016706771633015927
232	0	0.5199571749136142	-0.1886683451591184
402	0	0.6223138186143466	-0.48651354445262307
