id	cluster_id	feature1	feature2
273	2	-0.456151971047546	0.9767900284291272
