id	cluster_id	feature1	feature2
15	2	-0.9118786633207221	0.38993874070265505
81	2	0.024610263550022327	1.0608167748186028
165	-1	0.07482816069531982	0.5921731447054275
223	2	1.0481317451014107	0.0011270517175572474
315	0	0.2713700093903376	-0.24221668260529017
