id	cluster_id	feature1	feature2
214	2	0.0060336765533419365	0.7994570591827639
449	2	-0.03130763122404752	0.8670409899279286
461	0	0.5068381463404297	-0.20314938830400528
