id	cluster_id	feature1	feature2
222	0	1.5899557693512685	-0.42942807171107017
270	0	2.178538623657351	0.44807664826862253
293	2	0.7458945659850041	0.5914004203001728
