id	cluster_id	feature1	feature2
2	2	0.8717263713318235	0.5665615867089149
269	0	1.982178464015369	0.15212021543967455
465	2	-0.15524308527063413	0.9922182064463305
