id	cluster_id	feature1	feature2
59	0	0.7534516817201375	-0.4879164899173247
122	2	-0.2073498497378152	0.7600985623805744
129	2	0.6920003082146229	0.4798355663129076
372	0	0.19495316527231143	-0.06853476970507336
