id	cluster_id	feature1	feature2
199	0	1.3664945693085715	-0.3896491056326993
477	0	1.997447944760189	0.10863342138847365
