id	cluster_id	feature1	feature2
44	0	0.4702893479150327	-0.24698894675892452
132	0	1.7635380894007457	-0.06501035287238736
309	2	-0.547693909431768	0.8130270049741087
392	0	0.07652059192405672	0.4259077459862581
471	2	0.7676495590802545	0.4641406305399324
