id	cluster_id	feature1	feature2
276	2	-0.035339247279738445	0.9523809152518063
