id	cluster_id	feature1	feature2
311	0	1.1669557317153127	-0.49123485734436373
