id	cluster_id	feature1	feature2
124	2	-0.07173246122904728	1.1108073547136006
181	0	1.506256834589589	-0.33077452379065886
363	2	-0.39689816393629246	0.9045052406570983
