id	cluster_id	feature1	feature2
45	0	0.41589898081748766	-0.3187277511085063
47	0	1.5512693163091276	-0.18351215028317164
53	0	1.488163891222954	-0.3144129851680609
148	2	0.08074698402095873	1.013684330339682
394	0	0.8706603906538795	-0.29532055200717505
484	0	1.1547223458596398	-0.5902504342221548
