id	cluster_id	feature1	feature2
356	0	0.9974092528879048	-0.37988290356534654
403	2	-0.9641705728981778	0.014768157192757349
490	0	1.7888398278300883	-0.23010859589561422
