id	cluster_id	feature1	feature2
97	2	0.2552202367526297	0.986848125287201
133	2	0.618893104343454	0.9864620175611066
351	2	0.24648507981397638	0.8699665968555821
470	2	0.6798579355542627	0.713466459321416
