id	cluster_id	feature1	feature2
177	2	0.6530533991939318	0.8840793909821815
