id	cluster_id	feature1	feature2
58	2	0.9810618738025778	0.3139243906366989
255	0	1.9162778911918898	0.25794897668057565
258	0	0.28409645496145663	-0.30498854087102306
320	2	-0.9568315912641663	0.5138763795694996
