id	cluster_id	feature1	feature2
8	-1	-0.921303662972381	-0.2045465333230737
62	0	0.04263125061983671	0.4483320508871547
182	0	1.0434482947749797	-0.5002813198745726
334	0	0.8416370471453989	-0.5798800001998834
