id	cluster_id	feature1	feature2
115	2	-0.6297569673948932	0.7825343093888286
153	2	0.8617570037920264	0.5559941084439675
