id	cluster_id	feature1	feature2
147	2	0.33332249848181544	0.9075464142276505
