id	cluster_id	feature1	feature2
157	2	-0.4616146758564723	0.8813737155276866
