id	cluster_id	feature1	feature2
57	0	0.2603106542966096	-0.1238757816967686
136	0	1.798415005933242	-0.10988537325762977
