id	cluster_id	feature1	feature2
297	2	0.8803054172542095	0.49408406083015866
