id	cluster_id	feature1	feature2
139	2	-0.9985058919027859	0.4479840319800297
246	2	-0.34534968719612164	1.0724157419143254
