id	cluster_id	feature1	feature2
212	0	1.2627908609500698	-0.4986823801884547
