id	cluster_id	feature1	feature2
429	2	0.9506722630130026	0.38536913281727797
