id	cluster_id	feature1	feature2
51	2	-0.8001478098122894	0.6067710525145693
56	0	0.41739282789894433	-0.3328300727340689
