id	cluster_id	feature1	feature2
301	2	0.8491831292881007	0.19652601179959395
411	2	-0.24310188062336857	0.972009022460126
