id	cluster_id	feature1	feature2
281	2	0.5564696348027813	0.8685459897639168
336	2	0.4503240650496638	0.9356872859199544
