id	cluster_id	feature1	feature2
112	0	1.3811874563526771	-0.37904713493561043
113	0	1.9508831501593373	0.3480484185663923
155	0	-0.16705330390645376	0.16727519811559444
167	2	0.3954249286780396	0.7818022009915195
299	0	0.8787783870379383	-0.3358088529477431
385	2	-0.2769033877846902	0.8699952130029263
