id	cluster_id	feature1	feature2
14	0	0.3154946074591723	-0.07715308234324458
374	0	0.8023904000626182	-0.5806138174042358
