id	cluster_id	feature1	feature2
234	0	1.6185270576605044	-0.3729912789954231
239	2	-0.5588245408622357	1.0402874504919293
341	2	-0.4349710784100751	0.8368874464305831
