id	cluster_id	feature1	feature2
491	0	0.5260788241430534	-0.37326434011968085
