id	cluster_id	feature1	feature2
156	-1	-1.0317316221052513	-0.14854922783713226
