id	cluster_id	feature1	feature2
231	2	0.6137825923079451	0.7183691978684645
387	-1	1.1097226134589158	-0.1028915338991861
