id	cluster_id	feature1	feature2
264	2	-0.9542032028029224	0.05054572955469591
