id	cluster_id	feature1	feature2
50	2	-0.3780818933770931	0.8757222604515298
94	0	1.5170896125637074	-0.4788413658960955
149	2	0.953788485647565	0.2295314814966361
421	-1	-0.226487409908345	0.26900539782897537
