id	cluster_id	feature1	feature2
300	2	0.9679432354087738	0.4347949296824269
