id	cluster_id	feature1	feature2
72	2	-0.20753932327304964	0.9741142355879696
87	0	0.1980051561998723	0.04359508907957278
215	2	-0.15065699898644705	0.8970802822506176
