id	cluster_id	feature1	feature2
74	2	0.1711863687158732	0.8917048262927237
280	2	-0.6469532540971491	0.6764867898394298
322	0	0.2858411699794206	0.06013219332220371
390	0	0.009203626289921543	0.193039189634148
492	2	-0.09170557482219213	1.1996102325232232
