id	cluster_id	feature1	feature2
261	0	0.7786211375419304	-0.5571574877160465
398	0	1.7732354663636567	0.17281183624889465
