id	cluster_id	feature1	feature2
1	0	0.7408826997242908	-0.48128624087247995
319	2	-0.5728750251224066	0.7087742628608322
404	0	2.127864814888487	0.31788317556857587
