id	cluster_id	feature1	feature2
134	0	1.0357573901452897	-0.5796620853335119
245	0	2.095941639053725	0.1748538572854003
329	2	-1.054813813709967	0.5053580670858853
