id	cluster_id	feature1	feature2
41	0	1.7409315557589484	-0.1522621821583242
499	2	0.9674179655940703	0.48786357462233576
