id	cluster_id	feature1	feature2
118	2	0.8535334693922139	0.5407758000793825
