id	cluster_id	feature1	feature2
359	2	-0.8132104897375554	0.7165396249906009
422	0	1.9751068922809893	0.44776839155344234
