id	cluster_id	feature1	feature2
144	2	-0.9342012421535071	0.5438091463474392
388	2	0.8059798999843861	0.5267469424935061
412	2	-0.5677477412291387	0.7990987054382452
417	0	1.1971281258002975	-0.3897202586580173
