id	cluster_id	feature1	feature2
206	2	-0.04791815407690158	0.9675011543094427
382	2	0.5319614083215668	0.8785986396479557
478	0	1.2920895157880166	-0.3266846556031354
482	2	-0.6342018198835665	0.6471263402980447
