id	cluster_id	feature1	feature2
128	2	0.7778808425191654	0.9383036986680029
197	0	0.028757548133382844	0.04216552939386753
464	0	1.9128344180650476	0.3932766017596582
497	0	1.2877747225463771	-0.4515698935285449
