id	cluster_id	feature1	feature2
240	2	-0.43759004357669834	0.6900821245036352
263	0	2.004477088520568	0.2525395254592052
396	2	-0.7047507885122285	0.9997254287032372
