id	cluster_id	feature1	feature2
185	-1	0.24554687795173413	0.3822582396406815
349	2	-0.6166817379450472	0.8737080052302633
375	2	0.7915167268263836	0.4577931339513094
