id	cluster_id	feature1	feature2
13	2	0.6484808192321693	0.7945515885767304
272	-1	-0.1649671091160626	0.4360850706923973
