id	cluster_id	feature1	feature2
203	2	-0.6774304959397734	0.5554459515100523
