id	cluster_id	feature1	feature2
23	0	1.997239781762254	0.2849165156691972
117	2	0.910401462751295	0.2040689838944533
291	0	0.09547505397599261	0.07769559111643996
