id	cluster_id	feature1	feature2
229	0	1.6123767741772523	-0.3658500810058275
