id	cluster_id	feature1	feature2
12	2	0.3135861007088899	1.1048460444060162
200	0	0.9643365744713182	-0.4537431553227241
295	0	1.9654457561003569	0.24264241190728614
355	0	0.48599037454298116	-0.4265078615231326
