id	cluster_id	feature1	feature2
220	2	1.0485686287388711	0.37184753739928333
249	0	1.9012522928961613	0.1410759483784386
381	2	-0.9486971043258767	0.7170079018408715
383	0	0.06655363758722838	0.17149403067976987
