id	cluster_id	feature1	feature2
39	0	1.0059983316591332	-0.3978937517643196
98	-1	-1.1709241897460898	0.3931400631471558
187	2	0.040788080702795576	1.0616596003444807
496	2	0.7310270317971075	0.6423069416152558
