id	cluster_id	feature1	feature2
18	2	-0.30987244805208125	0.9015518706756116
125	0	0.20853942045752755	0.03878175323930616
140	2	-0.1266671939618958	0.894622345447174
298	0	1.7738357676678334	0.0983552702884701
410	0	0.18782394983734416	0.09433157439573622
