id	cluster_id	feature1	feature2
110	0	0.5767786994981727	-0.28633742724438893
190	2	-0.934227100388756	0.3348315973546672
275	2	0.7757610623456236	0.529617041653372
343	2	0.9099779614639386	0.6317766131567677
439	2	0.679432611497207	0.8939568143086367
