id	cluster_id	feature1	feature2
16	0	1.70164131101163	-0.11138141995119688
64	0	1.1505704549920572	-0.3951600371772508
