id	cluster_id	feature1	feature2
19	2	-0.2040816479108034	0.9856890760075208
54	0	1.8650652719588168	-0.13541631999968182
296	0	1.434907080022921	-0.4713434821495917
