id	cluster_id	feature1	feature2
25	0	1.0653795291672807	-0.5844156986659828
