id	cluster_id	feature1	feature2
294	0	2.0995031064981493	0.31589811045271726
451	2	0.1117730719201526	0.7829747432925032
