id	cluster_id	feature1	feature2
78	-1	-0.010096717999111283	0.5545807452643884
314	2	-1.0104883885967264	0.0862010367358516
408	0	1.5067257698729808	-0.2707661127270397
