id	cluster_id	feature1	feature2
310	2	-0.8647371774956982	0.3423425976638994
313	2	1.060222476243523	0.3007893958578029
393	0	0.5397610515136643	-0.3491301232684766
493	2	-0.8342115442584568	0.6058460608478744
