id	cluster_id	feature1	feature2
108	2	-0.6251294280444286	0.4746913936826945
218	-1	0.155779291104382	1.2968635325522069
333	0	0.7905615217741757	-0.44958750915105355
339	2	0.05139367195172684	1.1413099813302559
