id	cluster_id	feature1	feature2
243	2	-0.7132555992338488	0.8089869542594612
278	2	-0.8841688633151701	0.5147890731484406
367	0	0.005473115279280807	0.12361319219864111
442	2	0.8889028924942911	0.028497180983055058
