id	cluster_id	feature1	feature2
379	0	0.2938478126621543	-0.4730171251117029
