id	cluster_id	feature1	feature2
312	0	0.20560773701115653	0.0452769806238479
338	0	0.11860308051177021	0.06391197730447072
425	0	0.2509168965870569	0.13932958081748686
445	0	1.0447002509289818	-0.5659326938714995
