id	cluster_id	feature1	feature2
126	0	2.021863886353342	0.550633812385831
202	0	0.6443960795669323	-0.39229290138736916
228	0	1.9641618483648693	0.13758889062200674
274	0	0.023429255756526456	0.15501534395138425
