id	cluster_id	feature1	feature2
11	2	-0.42235295134520634	0.8424005462025451
49	2	0.4700496527203849	1.060701332134981
290	2	0.9491410041356382	0.47057382166906303
437	0	0.046523534361268826	0.020916270462704584
