id	cluster_id	feature1	feature2
305	2	-0.9747947917244612	0.3339899723447914
