id	cluster_id	feature1	feature2
46	0	0.26677624535210104	-2.3528674166453656E-4
217	2	0.685558990041848	0.6684565641851998
284	-1	1.1983091491572877	0.10660245141176942
358	2	0.19603158254786485	0.9308703123881183
409	0	0.08482436638189876	0.43125879352780516
494	0	1.3060366895396696	-0.2678247703325596
