id	cluster_id	feature1	feature2
183	2	-0.08674138146888401	1.0179282021291711
