id	cluster_id	feature1	feature2
71	0	0.3444728580814293	-0.2513290532372757
143	0	0.26556399802046027	-0.08010836839439575
370	2	-0.94134059195888	0.16603325826130844
