id	cluster_id	feature1	feature2
55	2	0.693736997237859	0.5114591451687625
373	0	1.1809793770891939	-0.4540557058890399
