id	cluster_id	feature1	feature2
211	2	1.0066891772668813	0.2379544692877249
469	2	-0.7865986309756192	0.427065948138312
