id	cluster_id	feature1	feature2
237	0	0.08078546751286543	0.03154451609109258
241	-1	-1.1842923638649965	-0.05081270917709783
347	2	-0.7336250327143184	0.5789779835746841
