id	cluster_id	feature1	feature2
100	2	-0.97315309220253	0.005884447270836479
247	0	0.0020652020981942187	0.3042192701303541
467	0	0.725311720827362	-0.6762119124025769
