id	cluster_id	feature1	feature2
52	2	0.9987922060087121	0.20614028754489938
146	2	-0.8396880315103478	0.5606000445845569
346	2	-0.7759629708442638	0.5327993975602632
