id	cluster_id	feature1	feature2
95	2	1.0119392477740532	0.275224404789982
227	0	1.26883183783752	-0.34222161592153555
268	2	-0.9493894785299459	0.231840691057395
