id	cluster_id	feature1	feature2
4	0	2.0387288786766975	0.1385944641837996
92	0	1.7115411868314756	-0.25429558571133853
163	0	0.07138300897956465	0.013778778898635727
230	0	1.5571197167510014	-0.143212896569952
391	0	1.6476226399296074	0.10347439359934872
