id	cluster_id	feature1	feature2
364	0	0.5442570488606723	-0.34978136867322107
452	0	1.8986990280100196	-0.09147187897687314
