id	cluster_id	feature1	feature2
26	2	0.9519938244620684	0.2552474492493959
29	2	-0.863622604833635	0.756640145262391
474	2	-0.4885096982719171	1.0491748634589007
