id	cluster_id	feature1	feature2
84	2	-0.5225397708321524	0.8027213124521945
378	0	1.6982412857029952	-0.1579545140532249
