id	cluster_id	feature1	feature2
10	0	0.4921780397213262	-0.23332369916281598
120	0	1.8454569868766175	0.12361574494483953
423	2	0.3386216068197817	0.7849531402145431
485	2	-1.0018259775834026	0.21301923747644366
