id	cluster_id	feature1	feature2
162	0	1.0092185934919382	-0.5695654133768866
244	0	1.7197573239524637	-0.14927284194882245
344	2	-0.4846893087895917	0.7914789640135165
