id	cluster_id	feature1	feature2
369	2	-0.9555845427907234	0.35138588602107257
413	2	0.5646431736706993	0.848752747034995
455	2	-0.9174163229139252	0.43581013409107644
