id	cluster_id	feature1	feature2
107	-1	-1.004345414084238	-0.05151218037974632
221	2	1.0030231601399673	0.2568854660210833
266	0	1.2499459283910466	-0.3910053556175059
271	2	-0.32583205922917446	0.8224230813333755
424	2	-0.2746814929517325	0.8502589219393178
