id	cluster_id	feature1	feature2
328	2	-0.9462957500042989	0.3996139256976675
