id	cluster_id	feature1	feature2
35	2	0.11839319086248491	1.092469599687893
