id	cluster_id	feature1	feature2
83	0	1.332706963294767	-0.2736604503482283
362	2	-0.7967521578039187	0.5159407026888544
