id	cluster_id	feature1	feature2
119	0	1.6207401977916212	-0.2543624049690094
395	0	0.44212249210775656	-0.3071464099578422
