id	cluster_id	feature1	feature2
141	2	0.07626874240337903	1.0403047015524092
288	0	1.5904147825128228	-0.37422110537093445
