id	cluster_id	feature1	feature2
60	0	0.45028889963005914	-0.44294836833790463
189	0	1.3024551133895101	-0.46431190873591244
