id	cluster_id	feature1	feature2
235	2	0.7538415711249795	0.40645712200309153
304	0	0.06540674363339752	-0.11514448555424531
307	2	0.7655816441261942	0.7281858499195404
462	0	0.26422903272001075	-0.3181000505409993
