id	cluster_id	feature1	feature2
20	0	0.1721477899214598	-0.038816509886282935
70	0	0.24140900562961914	-0.36520896673226355
479	0	0.7632723453514242	-0.5597259344062249
