id	cluster_id	feature1	feature2
7	2	0.9729567484224485	0.37564311003223677
77	0	1.6888101270472053	-0.4657075495071421
