id	cluster_id	feature1	feature2
216	2	0.19487138964499512	1.057672411842807
286	2	0.314409782785508	0.9186315278504571
