id	cluster_id	feature1	feature2
164	0	1.7116195011964541	-0.2702886319263852
