id	cluster_id	feature1	feature2
32	2	-0.8106317292710212	0.17075489104055655
43	2	-0.8060773381419275	0.36527822278719574
420	2	-0.7314280077116572	0.7085745444014613
