id	cluster_id	feature1	feature2
91	0	1.9411514640078082	0.18985939858465462
152	0	0.09034104388500751	-0.1808264396543895
267	2	0.9011729458706826	0.5609994459919218
317	2	-0.12551139063485964	1.0037897429263427
357	2	0.5578568320116505	0.8436193470266512
416	0	0.8992749411822384	-0.43016292422804137
