id	cluster_id	feature1	feature2
138	0	0.955014926481867	-0.4970368408399359
207	2	0.06555648105359524	1.0840040016276453
498	2	-0.9766483621156529	0.21340587997046848
