id	cluster_id	feature1	feature2
130	-1	2.0487021877784883	-0.221090286218245
196	2	-0.7605955193004298	0.6674832700537451
427	2	-0.9726470711756907	0.3065294641987248
486	2	0.7464305603878713	0.7511593969870283
487	0	1.8592096883238731	-0.02299965661251796
