id	cluster_id	feature1	feature2
210	2	-0.5095873831718686	0.817202255122401
