id	cluster_id	feature1	feature2
21	0	0.4660980787594232	-0.23153487476309428
135	0	0.40923242577551183	-0.27699771573121384
238	0	1.9594606202517406	-0.18836627428110997
