id	cluster_id	feature1	feature2
99	2	0.2230260414599734	0.9789965010132538
444	2	0.922387703715166	0.5554996554021002
