id	cluster_id	feature1	feature2
137	0	1.9040473957637665	-0.08759554920273424
173	2	0.6236156020494196	0.7832406119697805
194	2	-0.128015658006911	1.0738422845350577
