id	cluster_id	feature1	feature2
121	2	0.9008793548739652	0.5508589057115152
