id	cluster_id	feature1	feature2
114	0	0.09313734300892883	0.41286575903279593
434	0	0.9437393900947653	-0.4312579677467808
