id	cluster_id	feature1	feature2
48	0	1.4284201891902284	-0.36114924110143864
67	0	0.4687633920948361	-0.44176584785278894
224	0	0.7530441966892084	-0.3268239685418818
