id	cluster_id	feature1	feature2
446	0	1.212586422186986	-0.603542916416292
459	0	0.3719909324820837	-0.06794683262870466
