id	cluster_id	feature1	feature2
28	2	-0.5732692053179379	0.7334492984898892
33	0	1.7270995227429795	-0.112267232331212
88	0	1.9864665209931769	0.4733603219239476
208	2	-0.5802407770194766	0.8311973704148681
248	0	1.6021252542790745	-0.14357350147463258
257	0	1.5510345941526384	-0.4416667492285125
384	0	1.9245167478801497	0.3668438527571448
405	2	0.5996717688198633	0.847764922072595
