id	cluster_id	feature1	feature2
252	2	0.8579474451854077	0.30452315996862545
419	2	0.019021573261317856	0.9636858364929669
