id	cluster_id	feature1	feature2
85	2	-0.7293292396303952	0.262716019009621
106	0	1.0812345737697993	-0.2839159665441517
111	0	1.2245418677143232	-0.40202547051970017
332	0	2.109620958163213	0.35662605221547417
