id	cluster_id	feature1	feature2
166	2	0.018942802567530496	1.069090928756252
260	0	1.453334504409583	-0.4412822686263681
468	2	-1.1236573115927788	0.26534569625189985
