id	cluster_id	feature1	feature2
180	0	-0.19401702836078624	0.1569700339815014
195	0	0.9106479778468684	-0.5954909698528958
436	0	0.5200785873736018	-0.32641506617643146
438	2	1.0363000919354854	0.5468633462524525
