id	cluster_id	feature1	feature2
178	2	-0.850479358512835	0.12863196748819078
353	2	-0.08321094898613564	0.9088291899884215
