id	cluster_id	feature1	feature2
93	2	1.1315792378526086	0.057623479506783135
