id	cluster_id	feature1	feature2
17	0	0.10851453318658719	-0.14814323784080755
79	2	-0.17923105231802067	0.9483116575304309
170	2	1.0394418785500497	0.34307801303819835
209	0	1.4776874168386824	-0.38357301313189995
