id	cluster_id	feature1	feature2
66	0	1.1569049183788742	-0.5831271965658458
154	0	0.8620857191739018	-0.3036012500280011
265	2	0.2683761489446209	1.0066348635619347
432	2	0.8792523603133324	0.24192091657933748
