id	cluster_id	feature1	feature2
31	0	0.22702385560786853	-0.19927589222424483
376	0	2.0074233683159513	0.3254271069712453
