id	cluster_id	feature1	feature2
89	0	2.0048756690855747	0.36610226251803213
