id	cluster_id	feature1	feature2
61	2	0.4638264661851723	0.8972824019467527
303	0	1.4722631921472522	-0.6153498687035883
