id	cluster_id	feature1	feature2
172	0	1.0907636100286335	-0.43811530486395867
