id	cluster_id	feature1	feature2
335	2	-0.8594612998111922	0.8044595197500847
