id	cluster_id	feature1	feature2
24	2	0.6975043839381049	0.7421493104547447
340	0	0.9926843536288993	-0.3831973102723237
456	0	0.41423793834666406	-0.19996134457140938
458	2	0.7444738853453932	0.026144298063567245
