id	cluster_id	feature1	feature2
225	2	0.16257423493858597	0.8519815170984992
323	2	0.009115037477208376	0.8622684181806031
352	2	-1.1072442263878406	0.3384745449468506
