id	cluster_id	feature1	feature2
326	0	1.7240558369218482	-0.14010934348373488
386	0	1.6951040064181184	-0.20415989041076632
450	0	1.5199383934921007	-0.16980626757618322
