id	cluster_id	feature1	feature2
179	2	0.31258490160658114	0.822528046992334
306	0	2.0725210308081987	0.24337774221157374
441	0	0.10857315320727295	0.13521950452365744
448	2	0.8132869871511357	0.2800279441231627
