id	cluster_id	feature1	feature2
123	0	0.1662601688624472	-0.026568683450774386
127	0	0.655316828916504	-0.34747063885616186
345	0	0.39125751208701903	-0.17083151222706497
