id	cluster_id	feature1	feature2
40	0	0.3952840353194661	-0.30848845886238274
204	2	0.41904763023407055	0.8957508719655466
251	0	0.9906925951035288	-0.5512085980702807
259	2	-0.6392461108154642	0.9578020853903302
366	2	0.7433120177925001	0.16116990888023358
