id	cluster_id	feature1	feature2
65	0	0.4687216525114598	-0.3609345154042032
191	2	-1.110792648099675	0.18780773522847397
418	0	0.04187413307127004	0.25141384401180206
