id	cluster_id	feature1	feature2
36	-1	0.21881679327576842	0.3501583468998141
75	0	1.9619295910364671	0.19301947427268784
302	2	0.756835714148122	0.5868364899586754
