id	cluster_id	feature1	feature2
282	0	1.930581594141201	0.11453578894228868
285	2	0.9123076380821594	0.6390682508110574
